{
  "project_info": {
    "project_number": "93051945923",
    "project_id": "fir-auth-f1caa",
    "storage_bucket": "fir-auth-f1caa.appspot.com"
  },
  "client": [
    {
      "client_info": {
        "mobilesdk_app_id": "1:93051945923:android:3e20a140ca73878a07f376",
        "android_client_info": {
          "package_name": "com.example.authentification"
        }
      },
      "oauth_client": [
        {
          "client_id": "93051945923-02vgtik5fn7s0vc0ijmcoo1uvvgrg8b0.apps.googleusercontent.com",
          "client_type": 1,
          "android_info": {
            "package_name": "com.example.authentification",
            "certificate_hash": "0b748a81777c02578e69e4da174e8b8772bd3a01"
          }
        },
        {
          "client_id": "93051945923-2p2vrj4bm37palsua8ojalavb0jf3ar5.apps.googleusercontent.com",
          "client_type": 3
        }
      ],
      "api_key": [
        {
          "current_key": "AIzaSyCVmwy4FWBZzzjif8TwQryzSdSHfQYQmr0"
        }
      ],
      "services": {
        "appinvite_service": {
          "other_platform_oauth_client": [
            {
              "client_id": "93051945923-2p2vrj4bm37palsua8ojalavb0jf3ar5.apps.googleusercontent.com",
              "client_type": 3
            }
          ]
        }
      }
    }
  ],
  "configuration_version": "1"
}